{"cameraMode":{"drawMode":0,"name":"Shaded","section":"Shading Mode"},"sceneLighting":false,"audioPlay":false,"sceneViewState":{"showFog":true,"showMaterialUpdate":false,"showSkybox":false,"showFlares":true,"showImageEffects":true,"showParticleSystems":true},"in2DMode":false,"pivot":{"x":-11.397921562194825,"y":7.97380256652832,"z":8.069197654724121},"rotation":{"x":0.34197384119033816,"y":-0.16648904979228974,"z":0.06169872358441353,"w":0.9227845668792725},"size":11.829036712646485,"orthographic":false}