{"cameraMode":{"drawMode":0,"name":"Shaded","section":"Shading Mode"},"sceneLighting":false,"audioPlay":false,"sceneViewState":{"showFog":true,"showMaterialUpdate":false,"showSkybox":false,"showFlares":true,"showImageEffects":true,"showParticleSystems":true},"in2DMode":false,"pivot":{"x":-9.570154190063477,"y":-2.193033218383789,"z":24.399940490722658},"rotation":{"x":0.061526935547590259,"y":-0.16245771944522859,"z":0.010148249566555024,"w":0.9847498536109924},"size":31.25274085998535,"orthographic":false}