{"cameraMode":{"drawMode":0,"name":"Shaded","section":"Shading Mode"},"sceneLighting":true,"audioPlay":false,"sceneViewState":{"showFog":true,"showMaterialUpdate":false,"showSkybox":true,"showFlares":true,"showImageEffects":true,"showParticleSystems":true},"in2DMode":false,"pivot":{"x":-0.46256473660469057,"y":-11.445060729980469,"z":13.863481521606446},"rotation":{"x":0.5641452074050903,"y":-0.0012385620502755046,"z":0.000846006500069052,"w":0.8256741166114807},"size":48.586544036865237,"orthographic":false}