{"cameraMode":{"drawMode":0,"name":"Shaded","section":"Shading Mode"},"sceneLighting":false,"audioPlay":false,"sceneViewState":{"showFog":true,"showMaterialUpdate":false,"showSkybox":false,"showFlares":true,"showImageEffects":true,"showParticleSystems":true},"in2DMode":false,"pivot":{"x":-2.209671974182129,"y":1.9016696214675904,"z":-0.5112634301185608},"rotation":{"x":0.10624486953020096,"y":-0.5923285484313965,"z":0.07918525487184525,"w":0.7947281002998352},"size":11.231383323669434,"orthographic":false}