{"cameraMode":{"drawMode":0,"name":"Shaded","section":"Shading Mode"},"sceneLighting":true,"audioPlay":false,"sceneViewState":{"showFog":true,"showMaterialUpdate":false,"showSkybox":true,"showFlares":true,"showImageEffects":true,"showParticleSystems":true},"in2DMode":false,"pivot":{"x":-3.685075044631958,"y":1.6160211563110352,"z":2.616814613342285},"rotation":{"x":-0.11055399477481842,"y":0.7588067054748535,"z":-0.13362330198287965,"w":-0.6278018355369568},"size":11.11503791809082,"orthographic":false}