{"cameraMode":{"drawMode":0,"name":"Shaded","section":"Shading Mode"},"sceneLighting":true,"audioPlay":false,"sceneViewState":{"showFog":true,"showMaterialUpdate":false,"showSkybox":true,"showFlares":true,"showImageEffects":true,"showParticleSystems":true},"in2DMode":false,"pivot":{"x":6.551885604858398,"y":0.5137896537780762,"z":10.818399429321289},"rotation":{"x":0.01614108309149742,"y":0.7316884398460388,"z":0.017337515950202943,"w":-0.6812275052070618},"size":19.610130310058595,"orthographic":false}