{"cameraMode":{"drawMode":0,"name":"Shaded","section":"Shading Mode"},"sceneLighting":true,"audioPlay":false,"sceneViewState":{"showFog":true,"showMaterialUpdate":false,"showSkybox":true,"showFlares":true,"showImageEffects":true,"showParticleSystems":true},"in2DMode":false,"pivot":{"x":15.0328369140625,"y":-839.7891235351563,"z":2115.88330078125},"rotation":{"x":-0.24255138635635377,"y":0.7440130114555359,"z":-0.5142772793769836,"w":-0.350902259349823},"size":21.422821044921876,"orthographic":false}