{"cameraMode":{"drawMode":0,"name":"Shaded","section":"Shading Mode"},"sceneLighting":false,"audioPlay":false,"sceneViewState":{"showFog":true,"showMaterialUpdate":false,"showSkybox":false,"showFlares":true,"showImageEffects":true,"showParticleSystems":true},"in2DMode":false,"pivot":{"x":6.610258102416992,"y":0.7771615982055664,"z":-0.011148452758789063},"rotation":{"x":-0.01830870844423771,"y":-0.0039020576514303686,"z":0.00006954123819014058,"w":-0.999828577041626},"size":4.442075729370117,"orthographic":false}