{"cameraMode":{"drawMode":0,"name":"Shaded","section":"Shading Mode"},"sceneLighting":true,"audioPlay":false,"sceneViewState":{"showFog":true,"showMaterialUpdate":false,"showSkybox":true,"showFlares":true,"showImageEffects":true,"showParticleSystems":true},"in2DMode":false,"pivot":{"x":14.18696117401123,"y":10.828840255737305,"z":-11.887215614318848},"rotation":{"x":-0.004809625446796417,"y":0.005096736364066601,"z":-0.000025190676751662977,"w":-0.9999790191650391},"size":16.024768829345704,"orthographic":false}