{"cameraMode":{"drawMode":0,"name":"Shaded","section":"Shading Mode"},"sceneLighting":true,"audioPlay":false,"sceneViewState":{"showFog":true,"showMaterialUpdate":false,"showSkybox":true,"showFlares":true,"showImageEffects":true,"showParticleSystems":true},"in2DMode":false,"pivot":{"x":19.0067138671875,"y":9.170283317565918,"z":-7.201089859008789},"rotation":{"x":-0.16108055412769319,"y":0.07896022498607636,"z":-0.012931546196341515,"w":-0.9836976528167725},"size":16.926424026489259,"orthographic":false}