{"cameraMode":{"drawMode":0,"name":"Shaded","section":"Shading Mode"},"sceneLighting":true,"audioPlay":false,"sceneViewState":{"showFog":true,"showMaterialUpdate":false,"showSkybox":true,"showFlares":true,"showImageEffects":true,"showParticleSystems":true},"in2DMode":false,"pivot":{"x":-2.383345127105713,"y":0.32272791862487795,"z":32.095947265625},"rotation":{"x":-0.019791793078184129,"y":0.041077323257923129,"z":-0.00081390212289989,"w":-0.9989638924598694},"size":38.18304443359375,"orthographic":false}