{"cameraMode":{"drawMode":0,"name":"Shaded","section":"Shading Mode"},"sceneLighting":true,"audioPlay":false,"sceneViewState":{"showFog":true,"showMaterialUpdate":false,"showSkybox":true,"showFlares":true,"showImageEffects":true,"showParticleSystems":true},"in2DMode":false,"pivot":{"x":42.39406967163086,"y":17.089183807373048,"z":-42.4971809387207},"rotation":{"x":-0.01830870844423771,"y":-0.0039020576514303686,"z":0.00006954123819014058,"w":-0.999828577041626},"size":10.739410400390625,"orthographic":false}