{"cameraMode":{"drawMode":0,"name":"Shaded","section":"Shading Mode"},"sceneLighting":true,"audioPlay":false,"sceneViewState":{"showFog":true,"showMaterialUpdate":false,"showSkybox":true,"showFlares":true,"showImageEffects":true,"showParticleSystems":true},"in2DMode":false,"pivot":{"x":-3.439831256866455,"y":32.82360076904297,"z":-49.84204864501953},"rotation":{"x":0.048290807753801349,"y":0.001493695192039013,"z":-0.00007219241524580866,"w":0.9988327622413635},"size":34.720008850097659,"orthographic":false}