{"cameraMode":{"drawMode":0,"name":"Shaded","section":"Shading Mode"},"sceneLighting":false,"audioPlay":false,"sceneViewState":{"showFog":true,"showMaterialUpdate":false,"showSkybox":false,"showFlares":true,"showImageEffects":true,"showParticleSystems":true},"in2DMode":false,"pivot":{"x":12.916770935058594,"y":-2.0152816772460939,"z":0.1013253927230835},"rotation":{"x":0.048290807753801349,"y":0.001493695192039013,"z":-0.00007219241524580866,"w":0.9988327622413635},"size":143.8976287841797,"orthographic":false}