{"cameraMode":{"drawMode":0,"name":"Shaded","section":"Shading Mode"},"sceneLighting":true,"audioPlay":false,"sceneViewState":{"showFog":true,"showMaterialUpdate":false,"showSkybox":true,"showFlares":true,"showImageEffects":true,"showParticleSystems":true},"in2DMode":false,"pivot":{"x":-0.608552098274231,"y":9.206623077392579,"z":97.79562377929688},"rotation":{"x":0.036299291998147967,"y":0.01348577719181776,"z":-0.0004871691344305873,"w":0.999261200428009},"size":142.0042266845703,"orthographic":false}