{"cameraMode":{"drawMode":0,"name":"Shaded","section":"Shading Mode"},"sceneLighting":true,"audioPlay":false,"sceneViewState":{"showFog":true,"showMaterialUpdate":false,"showSkybox":true,"showFlares":true,"showImageEffects":true,"showParticleSystems":true},"in2DMode":false,"pivot":{"x":-3.0279273986816408,"y":7.0239129066467289,"z":10.268712997436524},"rotation":{"x":0.034801729023456576,"y":-0.007500310428440571,"z":0.0002610482624731958,"w":0.9993681907653809},"size":76.67841339111328,"orthographic":false}